{
  "libARDiscovery": 17.808622121810913, 
  "ARSDK3": 4.4097740650177, 
  "libARDataTransfer": 70.77108907699585, 
  "libARStream": 10.240165948867798, 
  "libARCommands": 17.81379199028015, 
  "mavlink.git": 21.77491784095764, 
  "Alchemy": 9.83765697479248, 
  "Samples": 8.830828189849854, 
  "ARSDKTools": 19.938481092453003, 
  "libARStream2": 9.18806004524231, 
  "libmux": 4.5778210163116455, 
  "arsdk_products": 4.5491509437561035, 
  "libARSAL": 6.851027965545654, 
  "libARNetwork": 7.27919602394104, 
  "dragon_build": 4.174631118774414, 
  "libARUtils": 9.06212306022644, 
  "libARMavlink": 7.033392906188965, 
  "libpomp": 5.462313890457153, 
  "libARNetworkAL": 5.880509853363037, 
  "libARUpdater": 29.720674991607666, 
  "libARController": 19.952276945114136, 
  "libARMedia": 24.518709182739258, 
  "ARSDKBuildUtils": 5.603440999984741, 
  "arsdk-xml": 5.044039011001587
}